{
  "sample_0": {
    "ratings": [
      3,
      3,
      2,
      3,
      3,
      4,
      2,
      3,
      3,
      1
    ],
    "mean": 2.7,
    "std": 0.7810249675906654,
    "base_reward": 0.5194275256827844
  },
  "sample_1": {
    "ratings": [
      2,
      3,
      3,
      2,
      2,
      2,
      2,
      2,
      2,
      2
    ],
    "mean": 2.2,
    "std": 0.39999999999999997,
    "base_reward": 0.5194275256827844
  },
  "sample_2": {
    "ratings": [
      3,
      2,
      2,
      3,
      3,
      2,
      2,
      2,
      2,
      3
    ],
    "mean": 2.4,
    "std": 0.48989794855663565,
    "base_reward": 0.5194275256827844
  },
  "sample_3": {
    "ratings": [
      2,
      3,
      2,
      3,
      4,
      3,
      2,
      2,
      2,
      2
    ],
    "mean": 2.5,
    "std": 0.6708203932499369,
    "base_reward": 0.5194275256827844
  },
  "sample_4": {
    "ratings": [
      4,
      4,
      3,
      2,
      3,
      4,
      2,
      2,
      2,
      3
    ],
    "mean": 2.9,
    "std": 0.8306623862918074,
    "base_reward": 0.5194274962000441
  },
  "sample_5": {
    "ratings": [
      2,
      3,
      4,
      3,
      3,
      4,
      2,
      2,
      2,
      3
    ],
    "mean": 2.8,
    "std": 0.7483314773547882,
    "base_reward": 0.5194275256827844
  },
  "sample_6": {
    "ratings": [
      1,
      2,
      2,
      3,
      3,
      2,
      1,
      2,
      2,
      4
    ],
    "mean": 2.2,
    "std": 0.8717797887081347,
    "base_reward": 0.5194275256827844
  },
  "sample_7": {
    "ratings": [
      2,
      3,
      3,
      3,
      4,
      2,
      1,
      2,
      2,
      2
    ],
    "mean": 2.4,
    "std": 0.8,
    "base_reward": 0.5186242833486385
  },
  "sample_8": {
    "ratings": [
      2,
      3,
      2,
      3,
      4,
      2,
      1,
      3,
      3,
      3
    ],
    "mean": 2.6,
    "std": 0.8,
    "base_reward": 0.5194275256827844
  },
  "sample_9": {
    "ratings": [
      3,
      3,
      2,
      3,
      2,
      2,
      4,
      3,
      2,
      3
    ],
    "mean": 2.7,
    "std": 0.6403124237432849,
    "base_reward": 0.52023073853419
  }
}